CODE;IDENTIFICATION;INTER;DATE_INTER;NUM_DOC;DOCUMENT_ID;CHEMIN_DOC
PLAST-60;CASS0001;Etalonnage/Vérification;04/19/2017 00:00:00;10727736-0768NC;6e387a8bc21b40b795859f2ff94614bd;\\ON1-DAT01\Documents\PLAST-60\R120-2590919041710727736-0768NC.pdf
PLAST-60;CASS0001;Etalonnage/Vérification;04/19/2017 11:03:11;102727736-0768NC;0cae9a693b77479f99c902c5468c8a4a;\\ON1-DAT01\Documents\PLAST-60\102727736-0768NC.pdf
PLAST-60;CASS0002;Etalonnage/Vérification;09/22/2016 00:00:00;1E16264_24PHZ;6fa1ce8fd1aa445ea46c6f183614a30c;\\ON1-DAT01\Documents\PLAST-60\R120-237482209161E16264_24PHZ.pdf
PLAST-60;CASS0002;Etalonnage/Vérification;09/11/2018 00:00:00;221822000296C;6d5449c2e88a437c981279b32e2f56d0;\\ON1-DAT01\Documents\PLAST-60\221822000296C.pdf
PLAST-60;CASS0002;Etalonnage/Vérification;08/21/2020 10:59:18;;7e783c68026d42dabfaeb48da32d4d9c;\\ON1-DAT01\Documents\PLAST-60\cass0002 ts20200821002.pdf
PLAST-60;CASS0002;Etalonnage/Vérification;07/07/2022 00:00:00;;60e9c7c5aaae4330ba6d4400f914a8de;\\ON1-DAT01\Documents\PLAST-60\cass0002 20252.pdf
PLAST-60;CASS0003;Etalonnage/Vérification;09/22/2016 00:00:00;1E16264_15PHZ;901a1b6cd4c44478a79023dcf62999d1;\\ON1-DAT01\Documents\PLAST-60\R120-237482209161E16264_15PHZ.pdf
PLAST-60;CASS0003;Etalonnage/Vérification;09/11/2018 00:00:00;221822000297C;ce37fa70880e4d198b5bea8da4aede78;\\ON1-DAT01\Documents\PLAST-60\221822000297C.pdf
PLAST-60;CASS0003;Etalonnage/Vérification;08/21/2020 11:01:55;;1de6213d34174c30b223ae73553b6f99;\\ON1-DAT01\Documents\PLAST-60\cass0003 ts20200821001.pdf
PLAST-60;CASS0003;Etalonnage/Vérification;07/07/2022 10:07:05;;bd88c34c2e214ca7ad86dc07cd5ba1bb;\\ON1-DAT01\Documents\PLAST-60\cass0003 20022.pdf
PLAST-60;CLAB0274;Etalonnage/Vérification;09/30/2015 00:00:00;Voir résultats dans Certificat;6520d1be9a0a491cbae7c3431fd73263;\\ON1-DAT01\Documents\PLAST-60\FR154006489.pdf
PLAST-60;CLAB0276;Etalonnage/Vérification;08/21/2015 00:00:00;Voir résultats dans Certificat;645fb66e6d1141e19b0de2482bebec9c;\\ON1-DAT01\Documents\PLAST-60\FR153409465.pdf
PLAST-60;CLAB0276;Etalonnage/Vérification;12/07/2018 15:39:41;;fe14b55c6be443948eba9fcdf2295168;\\ON1-DAT01\Documents\PLAST-60\clab0276-12122018164421.pdf
PLAST-60;CLAB0276;Etalonnage/Vérification;11/19/2021 00:00:00;;162cb5b25582487199ab451ea89555d6;\\ON1-DAT01\Documents\PLAST-60\FR005-RSY-CI-21617041.pdf
PLAST-60;CQUA0109;Etalonnage/Vérification;07/19/2016 00:00:00;Voir résultats dans Certificat;dfda46fca7704e098698a2f20bbc7712;\\ON1-DAT01\Documents\PLAST-60\cqua0109.pdf
PLAST-60;CSCR0370;Etalonnage/Vérification;10/10/2016 00:00:00;Voir résultats dans Certificat;9e554530627f4ab58cf3a20611d6d069;\\ON1-DAT01\Documents\PLAST-60\cscr0370.pdf
PLAST-60;CSCR0372;Etalonnage/Vérification;06/21/2016 00:00:00;Voir résultats dans Certificat;d9b92d8777544516a05863bb985adad1;\\ON1-DAT01\Documents\PLAST-60\cscr0372.pdf
PLAST-60;CSCR1061;Etalonnage/Vérification;06/01/2022 00:00:00;;012d3c10d4e6422b8ec71c018e3cfc8f;\\ON1-DAT01\Documents\PLAST-60\CSCR1061 2022.pdf
PLAST-60;CSCR1062;Etalonnage/Vérification;09/01/2022 13:41:23;;7d05ff2474be414fa757e9118f8f34f9;\\ON1-DAT01\Documents\PLAST-60\CSCR1062 2022.pdf
